search_term,text,href,company_text,location_text,datetime,time_ago
Data-Analyst,Data Analyst,https://www.jobstreet.co.id/en/job/data-analyst-4518924,PT Tatalogam Lestari,Jakarta Barat,2023-11-04 02:45:15,1d ago
Data-Analyst,Data Analyst,https://www.jobstreet.co.id/en/job/data-analyst-4517996,PT. Aleyah Sintasint Farma,Kulon Progo,2023-11-03 03:57:28,2d ago
Data-Analyst,CRM Business Analyst (Data Analyst),https://www.jobstreet.co.id/en/job/crm-business-analyst-data-analyst-4517951,Time International,Jakarta Raya,2023-11-03 03:39:53,2d ago
Data-Analyst,Regional Data Analyst (Yogyakarta),https://www.jobstreet.co.id/en/job/regional-data-analyst-yogyakarta-4518350,PT Smartfren Telecom Tbk,Yogyakarta,2023-11-03 07:37:58,2d ago
Data-Analyst,Supply Chain Data Analyst Sr. Staff,https://www.jobstreet.co.id/en/job/supply-chain-data-analyst-sr.-staff-4516508,PT Sukanda Djaya,Bekasi,2023-11-02 02:06:39,3d ago
Data-Analyst,IT Data Analyst (BW & BI),https://www.jobstreet.co.id/en/job/it-data-analyst-bw-bi-4515404,PT Foodex Inti Ingredients,Cikarang,2023-11-01 02:46:07,4d ago
Data-Analyst,Data Analyst - OVAL Data,https://www.jobstreet.co.id/en/job/data-analyst-oval-data-4515667,Kompas Gramedia - KG Media,Jakarta Pusat,2023-11-01 04:33:54,4d ago
Data-Analyst,Operational Excellence Data Analyst,https://www.jobstreet.co.id/en/job/operational-excellence-data-analyst-4515259,PT Softex Indonesia,Karawang,2023-11-01 01:28:32,4d ago
Data-Analyst,Data Analyst Staff,https://www.jobstreet.co.id/en/job/data-analyst-staff-4514930,PT Ultra Prima Abadi (Orang Tua Group),Jakarta Raya,2023-10-31 08:58:10,5d ago
Data-Analyst,Data Strategist/ Data Analyst,https://www.jobstreet.co.id/en/job/data-strategist-data-analyst-4514385,I CAN READ,Jakarta Raya,2023-10-31 04:38:24,5d ago
Data-Analyst,Accounting & Data Analyst,https://www.jobstreet.co.id/en/job/accounting-data-analyst-4511475,PT Bangja Inti Ingridien,Sidoarjo,2023-10-27 04:20:45,9d ago
Data-Analyst,Head of Analytics,https://www.jobstreet.co.id/en/job/head-of-analytics-4513479,PT Ewaysindo Makmur (Jakarta),Jakarta Pusat,2023-10-30 08:38:13,6d ago
Data-Analyst,Data Analyst,https://www.jobstreet.co.id/en/job/data-analyst-4512040,PT Nirwana Lestari.,Bekasi,2023-10-27 09:57:18,9d ago
Data-Analyst,Data Analyst,https://www.jobstreet.co.id/en/job/data-analyst-4509981,Musim Mas,Medan,2023-10-26 02:08:12,10d ago
Data-Analyst,DATA ANALYST - DKI JAKARTA,https://www.jobstreet.co.id/en/job/data-analyst-dki-jakarta-4511667,PT Exa Mitra Solusi,Jakarta Barat,2023-10-27 06:56:03,9d ago
Data-Analyst,DATA ANALYST,https://www.jobstreet.co.id/en/job/data-analyst-4511840,Meilani Statistical Consulting,Yogyakarta,2023-10-27 08:17:28,9d ago
Data-Analyst,Marketing Data Analyst,https://www.jobstreet.co.id/en/job/marketing-data-analyst-4511704,PT Tunas Ridean,Bandar Lampung,2023-10-27 07:16:21,9d ago
Data-Analyst,"Data Analyst Marketing ,Lokasi Kerja : Malajaya, kab Bandung.",https://www.jobstreet.co.id/en/job/data-analyst-marketing-lokasi-kerja-%3A-malajaya-kab-bandung.-4511172,PT Multi Star Rukun Abadi (Sharon Bakery),Bandung,2023-10-27 02:08:46,9d ago
Data-Analyst,Internship - Data Analyst,https://www.jobstreet.co.id/en/job/internship-data-analyst-4509299,PZ Cussons Indonesia,Jakarta Raya,2023-10-25 06:45:04,11d ago
Data-Analyst,Channel Data Analyst Specialist,https://www.jobstreet.co.id/en/job/channel-data-analyst-specialist-4511585,PT Arya Noble,Jakarta Selatan,2023-10-27 05:43:11,9d ago
Data-Analyst,Data Analyst,https://www.jobstreet.co.id/en/job/data-analyst-4509877,INDONESIA PALM OIL STRATEGIC STUDIES,Jakarta Pusat,2023-10-25 15:47:12,11d ago
Data-Analyst,PROCUREMENT DATA ANALYST,https://www.jobstreet.co.id/en/job/procurement-data-analyst-4510293,PT Pesta Pora Abadi,Malang,2023-10-26 04:25:23,10d ago
Data-Analyst,Data Analyst,https://www.jobstreet.co.id/en/job/data-analyst-4509173,PT Suzuki Indomobil Motor,Jakarta Timur,2023-10-25 04:50:22,11d ago
Data-Analyst,Data Analyst Assistant Manager,https://www.jobstreet.co.id/en/job/data-analyst-assistant-manager-4510161,PT. FWD Insurance Indonesia ( HO ),Jakarta Raya,2023-10-26 03:32:40,10d ago
Data-Analyst,SALES DATA  ANALYST,https://www.jobstreet.co.id/en/job/sales-data-analyst-4510330,PT Wisnu Ananda Jaya,Jakarta Raya,2023-10-26 04:47:32,10d ago
Data-Analyst,Manager Operational Performance,https://www.jobstreet.co.id/en/job/manager-operational-performance-4509995,PT Administrasi Medika,Jakarta Pusat,2023-10-26 02:15:39,10d ago
Data-Analyst,Data Analyst Manager (Kendari & Balikpapan),https://www.jobstreet.co.id/en/job/data-analyst-manager-kendari-balikpapan-4509386,PT Kumala Cemerlang Abadi,Kalimantan Timur,2023-10-25 07:12:48,11d ago
Data-Analyst,Admin Project Manager,https://www.jobstreet.co.id/en/job/admin-project-manager-1037292624,PT Bixbox Teknologi Perkasa,Yogyakarta,2023-10-29 16:00:00,7d ago
Data-Analyst,GIS Data Analyst (Intern),https://www.jobstreet.co.id/en/job/gis-data-analyst-intern-4509271,PT Datacomm Diangraha,Jakarta Selatan,2023-10-25 06:35:21,11d ago
Data-Analyst,DATA ANALIS,https://www.jobstreet.co.id/en/job/data-analis-4508140,PT Aroma Prima Livindo,Tangerang,2023-10-24 07:16:28,12d ago
Data-Analyst,Data Engineer (ETL Developer),https://www.jobstreet.co.id/en/job/data-engineer-etl-developer-4509449,PT Lawencon Internasional,Jakarta Raya,2023-10-25 07:42:58,11d ago
Data-Analyst,Data Engineer (ETL Developer),https://www.jobstreet.co.id/en/job/data-engineer-etl-developer-4509514,PT Linov Roket Prestasi,Jakarta Raya,2023-10-25 08:08:36,11d ago
Data-Analyst,Sales Data Analyst,https://www.jobstreet.co.id/en/job/sales-data-analyst-4508422,PT. Satya Langgeng Sentosa,Jakarta Barat,2023-10-24 09:14:00,12d ago
Data-Analyst,Purchasing / Warehouse / Supply Chain / Data Analyst,https://www.jobstreet.co.id/en/job/purchasing-warehouse-supply-chain-data-analyst-4508663,PT GREENLY LIFESTYLE INDONESIA,Jakarta Selatan,2023-10-24 15:43:07,12d ago
Data-Analyst,Data Analyst (for GetPlus),https://www.jobstreet.co.id/en/job/data-analyst-for-getplus-4507756,PT Merah Cipta Media,Jakarta Raya,2023-10-24 03:42:03,12d ago
Data-Analyst,JUNIOR STAFF DATA ANALYST,https://www.jobstreet.co.id/en/job/junior-staff-data-analyst-4506268,PT NITERRA MOBILITY INDONESIA,Jakarta Timur,2023-10-23 02:49:53,13d ago
Data-Analyst,Data Analyst Staff (CFIAT - Surabaya),https://www.jobstreet.co.id/en/job/data-analyst-staff-cfiat-surabaya-4507240,Indoprima Group,Gresik,2023-10-23 09:52:30,13d ago
Data-Analyst,Specialist Business Solution ILS,https://www.jobstreet.co.id/en/job/specialist-business-solution-ils-4518660,PT Cipta Krida Bahari,Surabaya,2023-11-03 10:01:04,2d ago
Data-Analyst,Risk Management Supervisor,https://www.jobstreet.co.id/en/job/risk-management-supervisor-4517556,"PT Clipan Finance Indonesia, Tbk",Jakarta Selatan,2023-11-02 10:39:47,3d ago
Data-Analyst,Retail Analyst Division Manager,https://www.jobstreet.co.id/en/job/retail-analyst-division-manager-4516536,PT Navya Retail Indonesia,Jakarta Barat,2023-11-02 02:21:07,3d ago
Data-Analyst,IT  Junior Product Manager,https://www.jobstreet.co.id/en/job/it-junior-product-manager-4515469,PT LANGGENG SUKSES ABADI TEKHNOLOGI,Jakarta Raya,2023-11-01 03:11:12,4d ago
Data-Analyst,Retail Admin Sales Staff  (Location : Sentul Industrial Estate),https://www.jobstreet.co.id/en/job/retail-admin-sales-staff-location-%3A-sentul-industrial-estate-4515297,PT Cheetham Garam Indonesia,Jakarta Raya,2023-11-01 02:00:10,4d ago
Data-Analyst,PRODUCTION MANAGER,https://www.jobstreet.co.id/en/job/production-manager-4516100,Strawland,Cibinong,2023-11-01 08:56:11,4d ago
Data-Analyst,Data Analyst,https://www.jobstreet.co.id/en/job/data-analyst-4505296,PT Akulaku Silvrr Indonesia,Depok,2023-10-20 07:23:32,16d ago
Data-Analyst,Business Analyst,https://www.jobstreet.co.id/en/job/business-analyst-4514435,Erajaya Group,Cikupa,2023-10-31 05:06:12,5d ago
Data-Analyst,HEAD OF MARKETING,https://www.jobstreet.co.id/en/job/head-of-marketing-4513976,Capital Bakery & Cake,Jakarta Pusat,2023-10-31 02:08:22,5d ago
Data-Analyst,Event Coordinator,https://www.jobstreet.co.id/en/job/event-coordinator-4505084,PT Harmoni Dinamik Indonesia,Jakarta Barat,2023-10-20 04:36:51,16d ago
Data-Analyst,Data Analyst (Procurement),https://www.jobstreet.co.id/en/job/data-analyst-procurement-4504630,PT Union Sampoerna Triputra Persada,Jakarta Barat,2023-10-19 10:58:39,17d ago
Data-Analyst,Data Analyst Officer,https://www.jobstreet.co.id/en/job/data-analyst-officer-4504484,PT Asuransi Jiwa Sinarmas MSIG Tbk.,Jakarta Pusat,2023-10-19 09:24:12,17d ago
Data-Analyst,Admin Marketing,https://www.jobstreet.co.id/en/job/admin-marketing-4512719,PT Unitama Sari Mas,Jakarta Raya,2023-10-30 02:42:47,6d ago
Data-Analyst,Instruktur,https://www.jobstreet.co.id/en/job/instruktur-4504552,Screenesia,Jakarta Selatan,2023-10-19 11:18:19,17d ago
Data-Analyst,Corporate Planning Assistant Manager,https://www.jobstreet.co.id/en/job/corporate-planning-assistant-manager-4512778,PT Asuransi MSIG Indonesia,Jakarta Utara,2023-10-30 03:07:50,6d ago
Data-Analyst,Staff Data Analyst,https://www.jobstreet.co.id/en/job/staff-data-analyst-4503212,PT. Sejahtera Khatulistiwa Perkasa,Makassar,2023-10-18 09:06:50,18d ago
Data-Analyst,Data Analyst Staff,https://www.jobstreet.co.id/en/job/data-analyst-staff-4502557,PT Asuransi Umum Bumiputera Muda 1967,Jakarta Selatan,2023-10-18 03:40:30,18d ago
Data-Analyst,Data Analyst Bali,https://www.jobstreet.co.id/en/job/data-analyst-bali-4501838,PT Adi Surya Sempurna,Jakarta Pusat,2023-10-17 08:37:19,19d ago
Data-Analyst,Retail Data Analyst Manager,https://www.jobstreet.co.id/en/job/retail-data-analyst-manager-4501451,PT Duta Intiguna Yasa (MR DIY),Jakarta Raya,2023-10-17 05:49:51,19d ago
Data-Analyst,Pricing Analyst,https://www.jobstreet.co.id/en/job/pricing-analyst-4502159,PT Global Unggul Mandiri (Paxel),Kuta,2023-10-17 11:36:07,19d ago
Data-Analyst,Data Analyst,https://www.jobstreet.co.id/en/job/data-analyst-4500199,PT Eka Bogainti,Jakarta Raya,2023-10-16 07:41:50,20d ago
Data-Analyst,"Manager Support (IT-Data Analyst, Fullfillment/Warehouse, GA)",https://www.jobstreet.co.id/en/job/manager-support-it-data-analyst-fullfillment-warehouse-ga-4499847,PT. GAWE BECIK NADHAH ANUGRAH,Jakarta Raya,2023-10-16 04:55:07,20d ago
Data-Analyst,Data Engineer,https://www.jobstreet.co.id/en/job/data-engineer-4507831,Ann's Bakehouse,Jakarta Timur,2023-10-24 04:13:09,12d ago
Data-Analyst,Store Demand Planner,https://www.jobstreet.co.id/en/job/store-demand-planner-4511361,PT Griya Miesejati (Bakmi GM),Jakarta Barat,2023-10-27 03:33:40,9d ago
Data-Analyst,Data Analytics Manager,https://www.jobstreet.co.id/en/job/data-analytics-manager-4511816,PT Ewaysindo Makmur (Jakarta),Jakarta Pusat,2023-10-27 08:06:08,9d ago
Data-Analyst,Business System Analyst,https://www.jobstreet.co.id/en/job/business-system-analyst-4510509,MODENA INDONESIA,Jakarta Raya,2023-10-26 06:55:40,10d ago
Data-Analyst,Merchandising Analyst Manager,https://www.jobstreet.co.id/en/job/merchandising-analyst-manager-4508759,PT Matahari Department Store Tbk,Tangerang,2023-10-25 01:53:35,11d ago
Data-Analyst,Business Development Supervisor,https://www.jobstreet.co.id/en/job/business-development-supervisor-4508404,PT Serba Mulia Auto,Jakarta Utara,2023-10-24 09:11:20,12d ago
Data-Analyst,Business Data Analyst,https://www.jobstreet.co.id/en/job/business-data-analyst-4497618,PT CIMB Niaga Tbk,Jakarta Selatan,2023-10-12 10:17:31,24d ago
Data-Analyst,SALES DATA  ANALYST,https://www.jobstreet.co.id/en/job/sales-data-analyst-4494028,PT Asia Health Energi Beverages,Jakarta Selatan,2023-10-10 03:55:49,26d ago
Data-Analyst,DATA ANALYST STAFF,https://www.jobstreet.co.id/en/job/data-analyst-staff-4495723,PT Bussan Auto Finance (BAF),Jakarta Selatan,2023-10-11 06:43:56,25d ago
Data-Analyst,Digital Data Analyst Supervisor,https://www.jobstreet.co.id/en/job/digital-data-analyst-supervisor-4496237,PT Santos Jaya Abadi,Jakarta Pusat,2023-10-11 09:42:06,25d ago
Data-Analyst,Data Analyst,https://www.jobstreet.co.id/en/job/data-analyst-4495138,PT Panca Budi Pratama,Banten,2023-10-11 02:12:39,25d ago
Data-Analyst,Junior Instruktur Data Analyst,https://www.jobstreet.co.id/en/job/junior-instruktur-data-analyst-1037213568,PT Inixindo Amiete Mandiri,Bandung,2023-10-17 16:00:00,19d ago
Data-Analyst,Product Operations Data Analyst,https://www.jobstreet.co.id/en/job/product-operations-data-analyst-4494878,PT Global Unggul Mandiri (Paxel),Jakarta Raya,2023-10-10 10:13:19,26d ago
Data-Analyst,Data Analyst,https://www.jobstreet.co.id/en/job/data-analyst-4494320,Yayasan Bina Nusantara,Jakarta Barat,2023-10-10 06:33:48,26d ago
Data-Analyst,Area Data Analyst (Medan),https://www.jobstreet.co.id/en/job/area-data-analyst-medan-4493391,Danone Indonesia,Medan,2023-10-09 09:53:38,27d ago
Data-Analyst,Team Leader Data Analyst (Mandarin Speaker - Area Solo),https://www.jobstreet.co.id/en/job/team-leader-data-analyst-mandarin-speaker-area-solo-4492459,PT Global Jet Express,Surakarta,2023-10-09 03:16:23,27d ago
Data-Analyst,Trade Marketing Analyst,https://www.jobstreet.co.id/en/job/trade-marketing-analyst-4493307,PT Penguin Indonesia,Jakarta Utara,2023-10-09 09:25:29,27d ago
Data-Analyst,Sales Analyst,https://www.jobstreet.co.id/en/job/sales-analyst-4492742,PT Aditya Sarana Graha,Jakarta Selatan,2023-10-09 04:58:48,27d ago
Data-Analyst,Senior Business Analyst,https://www.jobstreet.co.id/en/job/senior-business-analyst-4499676,PT Elnusa Tbk,Jakarta Selatan,2023-10-16 03:48:55,20d ago
Data-Analyst,IT Engineer,https://www.jobstreet.co.id/en/job/it-engineer-4503044,PT Solusi Energy Nusantara (JAKARTA),Pekanbaru,2023-10-18 07:52:52,18d ago
Data-Analyst,GA System Officer,https://www.jobstreet.co.id/en/job/ga-system-officer-4502726,PT Nusantara Sejahtera Raya Tbk (Cinema XXI),Jakarta Raya,2023-10-18 05:03:24,18d ago
Data-Analyst,DATA ANALIS,https://www.jobstreet.co.id/en/job/data-analis-4500915,PT Tera Achiever,Jakarta Utara,2023-10-17 02:15:09,19d ago
Data-Analyst,Machine Learning Staff - IT Consulting (Remote Work) (A-85456),https://www.jobstreet.co.id/en/job/machine-learning-staff-it-consulting-remote-work-a-85456-4498221,RGF HR Agent Indonesia,Jawa Tengah,2023-10-13 04:50:50,23d ago
Data-Analyst,Warehouse Admin,https://www.jobstreet.co.id/en/job/warehouse-admin-4497534,PT Sinde Budi Sentosa,Jakarta Pusat,2023-10-12 09:33:37,24d ago
Data-Analyst,IT Business Analyst,https://www.jobstreet.co.id/en/job/it-business-analyst-4496538,PT Mega Niaga Sejahtera,Bekasi,2023-10-12 01:31:25,24d ago
Data-Analyst,Senior HR Analyst,https://www.jobstreet.co.id/en/job/senior-hr-analyst-4493456,PT Indo Partners Plantation Services,Bogor,2023-10-09 10:20:25,27d ago
Data-Analyst,Reconcile E-Commerce Staff,https://www.jobstreet.co.id/en/job/reconcile-e-commerce-staff-4494667,PT Mandiri Tunas Finance,Jakarta Pusat,2023-10-10 08:46:28,26d ago
Data-Analyst,Senior Data Engineer,https://www.jobstreet.co.id/en/job/senior-data-engineer-4494314,Yayasan Bina Nusantara,Jakarta Raya,2023-10-10 06:31:28,26d ago
Data-Analyst,Partner Success Manager (for GetPlus),https://www.jobstreet.co.id/en/job/partner-success-manager-for-getplus-4494747,PT Merah Cipta Media,Jakarta Barat,2023-10-10 09:14:52,26d ago
Data-Analyst,Purchasing Analyst,https://www.jobstreet.co.id/en/job/purchasing-analyst-4492355,PT Intim Harmonis Foods Industri (INAFOOD),Jakarta Barat,2023-10-09 02:43:06,27d ago
Data-Analyst,Supervisor Administrasi (PIC Brand),https://www.jobstreet.co.id/en/job/supervisor-administrasi-pic-brand-4491844,CV Setia Agung Pratama,Pasuruan,2023-10-07 04:24:59,29d ago
Data-Analyst,Digital Marketing,https://www.jobstreet.co.id/en/job/digital-marketing-1037219625,PT mitra muda sejati,Jawa Timur,2023-10-18 16:00:00,18d ago
Data-Analyst,Data Analyst,https://www.jobstreet.co.id/en/job/data-analyst-1037328584,PT Indofood Sukses Makmur Tbk (Divisi Bogasari),Jakarta Selatan,2023-11-03 16:00:00,2d ago
Data-Analyst,Data Analyst,https://www.jobstreet.co.id/en/job/data-analyst-1037328932,PT Pasifik Satelit Nusantara,Indonesia,2023-11-03 16:00:00,2d ago
Data-Analyst,MARKET DATA ANALYSIS OFFICER,https://www.jobstreet.co.id/en/job/market-data-analysis-officer-1037316961,"PT Mulia Industrindo, Tbk",Cikarang,2023-11-01 16:00:00,4d ago
Data-Analyst,Data Analyst Intern,https://www.jobstreet.co.id/en/job/data-analyst-intern-1037308625,PT Qiscus Tekno Indonesia,Yogyakarta,2023-10-31 16:00:00,5d ago
Data-Analyst,sales data analyst,https://www.jobstreet.co.id/en/job/sales-data-analyst-1037284663,PT Wisnu Ananda Jaya,Jakarta Selatan,2023-10-28 16:00:00,8d ago
Data-Analyst,Internship - Quantitative Data Analyst,https://www.jobstreet.co.id/en/job/internship-quantitative-data-analyst-1037284673,DT Global,Jakarta Raya,2023-10-28 16:00:00,8d ago
Data-Analyst,Data Analyst,https://www.jobstreet.co.id/en/job/data-analyst-1037258743,CoLearn,Jakarta Selatan,2023-10-24 16:00:00,12d ago
Data-Analyst,Data Analyst (for GetPlus),https://www.jobstreet.co.id/en/job/data-analyst-for-getplus-1037250838,PT Merah Cipta Media,Jakarta Raya,2023-10-23 16:00:00,13d ago
Data-Analyst,Merchandiser,https://www.jobstreet.co.id/en/job/merchandiser-1037328427,PT. Jakmall Digital Niaga,Jakarta Raya,2023-11-03 16:00:00,2d ago
Data-Analyst,Superintendent Fleet Management System,https://www.jobstreet.co.id/en/job/superintendent-fleet-management-system-1037325672,"PT Darma Henwa, Tbk",Jawa Barat,2023-11-02 16:00:00,3d ago
Data-Analyst,Data Analyst (Finance),https://www.jobstreet.co.id/en/job/data-analyst-finance-1037232521,PT Mitrausaha Indonesia Grup,Jakarta Barat,2023-10-21 16:00:00,15d ago
Data-Analyst,"Senior Associate, Customer Voice Data Analyst - (WD59366)",https://www.jobstreet.co.id/en/job/senior-associate-customer-voice-data-analyst-wd59366-1037230613,PT Bank DBS Indonesia,Indonesia,2023-10-20 16:00:00,16d ago
Data-Analyst,Data Scientist Lecturer,https://www.jobstreet.co.id/en/job/data-scientist-lecturer-1037308742,PT Purwadhika Kirana Nusantara,Jakarta Raya,2023-10-31 16:00:00,5d ago
Data-Analyst,Data Analyst Intern,https://www.jobstreet.co.id/en/job/data-analyst-intern-1037213363,PT Cakap Upaya Sahaja Teknologi,Jakarta Raya,2023-10-17 16:00:00,19d ago
Data-Analyst,IT Data Governance Operation Specialist,https://www.jobstreet.co.id/en/job/it-data-governance-operation-specialist-1037268553,PT Bank Jago Tbk,Jakarta Raya,2023-10-25 16:00:00,11d ago
Data-Analyst,People & Organization Intern,https://www.jobstreet.co.id/en/job/people-organization-intern-1037258866,PT Siemens Indonesia,Jakarta Raya,2023-10-24 16:00:00,12d ago
Data-Analyst,Data Analyst,https://www.jobstreet.co.id/en/job/data-analyst-1037175750,PT Metrodata Electronics Tbk,Jakarta Barat,2023-10-11 16:00:00,25d ago
Data-Analyst,Data Analyst,https://www.jobstreet.co.id/en/job/data-analyst-1037175455,UENA,Jakarta Raya,2023-10-11 16:00:00,25d ago
Data-Analyst,Senior Data Analyst,https://www.jobstreet.co.id/en/job/senior-data-analyst-1037165358,PT Aplikasi Karya Anak Bangsa,Jakarta Raya,2023-10-10 16:00:00,26d ago
Data-Analyst,Internship Data Analyst,https://www.jobstreet.co.id/en/job/internship-data-analyst-1037154300,PT Mulia Boga Raya TBK,Jakarta Raya,2023-10-09 16:00:00,27d ago
Data-Analyst,Data Analyst,https://www.jobstreet.co.id/en/job/data-analyst-1037154422,PT Cakap Upaya Sahaja Teknologi,Jakarta Raya,2023-10-09 16:00:00,27d ago
Data-Analyst,Data Analyst,https://www.jobstreet.co.id/en/job/data-analyst-1037153745,PT Lunaria Annua Teknologi (KoinWorks),Jakarta Raya,2023-10-09 16:00:00,27d ago
Data-Analyst,Data Product Manager,https://www.jobstreet.co.id/en/job/data-product-manager-1037154728,PT Tiga Beruang Kalifornia,Jakarta Raya,2023-10-09 16:00:00,27d ago
Data-Analyst,Business Intelligence,https://www.jobstreet.co.id/en/job/business-intelligence-1037227138,Lion Parcel,Jakarta Raya,2023-10-19 16:00:00,17d ago
Data-Analyst,Data Analyst,https://www.jobstreet.co.id/en/job/data-analyst-1037143928,Sinarmas Mining,Jakarta Raya,2023-10-08 16:00:00,28d ago
Data-Analyst,Data Analyst,https://www.jobstreet.co.id/en/job/data-analyst-1037143947,PT HITACHI SAKTI ENERGY INDONESIA,Kuta,2023-10-08 16:00:00,28d ago
Data-Analyst,IT for Non IT Program,https://www.jobstreet.co.id/en/job/it-for-non-it-program-1037143394,Sinarmas Mining,Jakarta Raya,2023-10-08 16:00:00,28d ago
Data-Analyst,Data Engineer,https://www.jobstreet.co.id/en/job/data-engineer-1037227323,PT Graha Karya Informasi,Jakarta Raya,2023-10-19 16:00:00,17d ago
Data-Analyst,Data Engineer,https://www.jobstreet.co.id/en/job/data-engineer-1037175401,Lion Parcel,Jakarta Raya,2023-10-11 16:00:00,25d ago
Data-Analyst,Partner Success Manager (for Getplus),https://www.jobstreet.co.id/en/job/partner-success-manager-for-getplus-1037165091,PT Merah Cipta Media,Jakarta Raya,2023-10-10 16:00:00,26d ago
Data-Analis,GIS Data Analyst (Intern),https://www.jobstreet.co.id/en/job/gis-data-analyst-intern-4509271,PT Datacomm Diangraha,Jakarta Selatan,2023-10-25 06:35:21,11d ago
Data-Analis,DATA ANALIS,https://www.jobstreet.co.id/en/job/data-analis-4508140,PT Aroma Prima Livindo,Tangerang,2023-10-24 07:16:28,12d ago
Data-Analis,Programmer dan Data Analis,https://www.jobstreet.co.id/en/job/programmer-dan-data-analis-4507085,PT Persada Inti Utama (Jakarta),Bekasi,2023-10-23 08:42:15,13d ago
Data-Analis,DATA ANALIS,https://www.jobstreet.co.id/en/job/data-analis-4500915,PT Tera Achiever,Jakarta Utara,2023-10-17 02:15:09,19d ago
Data-Analis,Data Analyst Staff (CFIAT - Surabaya),https://www.jobstreet.co.id/en/job/data-analyst-staff-cfiat-surabaya-4507240,Indoprima Group,Jawa Tengah,2023-10-23 09:52:30,13d ago
Data-Analis,Data Analyst Staff,https://www.jobstreet.co.id/en/job/data-analyst-staff-4502557,PT Asuransi Umum Bumiputera Muda 1967,Gresik,2023-10-18 03:40:30,18d ago
Data-Analis,Magang FamilyMart,https://www.jobstreet.co.id/en/job/magang-familymart-4501951,FamilyMart Indonesia,Surabaya,2023-10-17 09:26:59,19d ago
Data Engineer,Data Engineer,https://www.jobstreet.co.id/en/job/data-engineer-4517037,PT Bumi Amartha Teknologi Mandiri,Jakarta Raya,2023-11-02 07:05:45,3d ago
Data Engineer,Data Engineer,https://www.jobstreet.co.id/en/job/data-engineer-4516829,PT Kuaikuai Tech Indonesia,Jakarta Barat,2023-11-02 04:50:11,3d ago
Data Engineer,Data Engineer Specialist,https://www.jobstreet.co.id/en/job/data-engineer-specialist-4516819,MAKA Motors,Jakarta Selatan,2023-11-02 04:44:14,3d ago
Data Engineer,Data Engineer,https://www.jobstreet.co.id/en/job/data-engineer-4510949,"PT. Metrodata Electronics, Tbk",Jakarta Barat,2023-10-26 10:17:44,10d ago
Data Engineer,Data Engineer,https://www.jobstreet.co.id/en/job/data-engineer-4508879,PT Serasi Autoraya (Member of Astra),Jakarta Utara,2023-10-25 02:45:32,11d ago
Data Engineer,Data Engineer (ETL Developer),https://www.jobstreet.co.id/en/job/data-engineer-etl-developer-4509449,PT Lawencon Internasional,Jakarta Raya,2023-10-25 07:42:58,11d ago
Data Engineer,Data Engineer,https://www.jobstreet.co.id/en/job/data-engineer-4507831,Ann's Bakehouse,Jakarta Selatan,2023-10-24 04:13:09,12d ago
Data Engineer,Data Engineer (ETL Developer),https://www.jobstreet.co.id/en/job/data-engineer-etl-developer-4509514,PT Linov Roket Prestasi,Jakarta Raya,2023-10-25 08:08:36,11d ago
Data Engineer,DATA ENGINEER,https://www.jobstreet.co.id/en/job/data-engineer-4507119,PT Tera Achiever,Jawa Tengah,2023-10-23 08:57:19,13d ago
Data Engineer,Data Engineer,https://www.jobstreet.co.id/en/job/data-engineer-4506974,PT. Fortech Indotama,Jakarta Selatan,2023-10-26 07:59:10,10d ago
Data Engineer,ETL Data Engineer,https://www.jobstreet.co.id/en/job/etl-data-engineer-4506533,PT Smartec Teknologi Indonesia,Jakarta Selatan,2023-10-23 04:32:07,13d ago
Data Engineer,Data Engineer,https://www.jobstreet.co.id/en/job/data-engineer-4506111,PT Mitra Informatika,Surabaya,2023-10-23 01:18:43,13d ago
Data Engineer,Data Engineer,https://www.jobstreet.co.id/en/job/data-engineer-4505670,PT Valdo Sumber Daya Mandiri,Jakarta Raya,2023-10-20 10:12:15,16d ago
Data Engineer,Junior Data Engineer,https://www.jobstreet.co.id/en/job/junior-data-engineer-4503798,PT Intrias Mandiri Sejati,Jakarta Selatan,2023-10-19 03:40:24,17d ago
Data Engineer,Senior Data Engineer,https://www.jobstreet.co.id/en/job/senior-data-engineer-4503957,REKRUTER INFINIT CAKRAWALA,Jakarta Raya,2023-10-19 04:53:59,17d ago
Data Engineer,Data Warehouse - Data Engineer,https://www.jobstreet.co.id/en/job/data-warehouse-data-engineer-4502839,PT Asuransi MSIG Indonesia,Jakarta Selatan,2023-10-18 06:45:15,18d ago
Data Engineer,DATA ENGINEER,https://www.jobstreet.co.id/en/job/data-engineer-4502955,PT Fastrata Buana,Jakarta Timur,2023-10-18 07:19:28,18d ago
Data Engineer,Data Engineer,https://www.jobstreet.co.id/en/job/data-engineer-4500976,PT Mitra Solusi Telematika,Jakarta Selatan,2023-10-17 02:36:16,19d ago
Data Engineer,IT Internship,https://www.jobstreet.co.id/en/job/it-internship-4511284,PT Emos Global Digital,Jakarta Timur,2023-10-27 03:04:12,9d ago
Data Engineer,Data Engineer,https://www.jobstreet.co.id/en/job/data-engineer-4498226,PT Zona Edukasi Nusantara (Zenius Education),Jakarta Selatan,2023-10-13 04:52:08,23d ago
Data Engineer,Big Data Engineer IT,https://www.jobstreet.co.id/en/job/big-data-engineer-it-4495866,PT. Semesta Arus Teknologi,Jakarta Selatan,2023-10-11 07:30:26,25d ago
Data Engineer,Data Engineer,https://www.jobstreet.co.id/en/job/data-engineer-4495751,PT Nomura Research Institute Indonesia,Jakarta Raya,2023-10-11 06:53:09,25d ago
Data Engineer,Data Engineer,https://www.jobstreet.co.id/en/job/data-engineer-4494050,PT Eka Mas Republik,Tangerang,2023-10-10 04:02:40,26d ago
Data Engineer,Senior Data Engineer,https://www.jobstreet.co.id/en/job/senior-data-engineer-4494314,Yayasan Bina Nusantara,Jakarta Barat,2023-10-10 06:31:28,26d ago
Data Engineer,Data Engineer,https://www.jobstreet.co.id/en/job/data-engineer-4493164,PT I Like Gym Indonesia,Jakarta Pusat,2023-10-09 08:25:06,27d ago
Data Engineer,IT Data Engineer,https://www.jobstreet.co.id/en/job/it-data-engineer-1037292531,OGYA,Jakarta Selatan,2023-10-29 16:00:00,7d ago
Data Engineer,Data Engineer,https://www.jobstreet.co.id/en/job/data-engineer-1037239701,PT Garena Indonesia,Jakarta Raya,2023-10-22 16:00:00,14d ago
Data Engineer,Data Engineer,https://www.jobstreet.co.id/en/job/data-engineer-1037227323,PT Graha Karya Informasi,Jakarta Raya,2023-10-19 16:00:00,17d ago
Data Engineer,Senior Data Management Engineer  Antam,https://www.jobstreet.co.id/en/job/senior-data-management-engineer-antam-1037213002,PT Aneka Tambang Tbk,Sorong,2023-10-17 16:00:00,19d ago
Data Engineer,IT Data Governance Operation Specialist,https://www.jobstreet.co.id/en/job/it-data-governance-operation-specialist-1037268553,PT Bank Jago Tbk,Papua,2023-10-25 16:00:00,11d ago
Data Engineer,Data Engineer,https://www.jobstreet.co.id/en/job/data-engineer-1037175401,Lion Parcel,Jakarta Raya,2023-10-11 16:00:00,25d ago
Data Engineer,Senior Data Engineer,https://www.jobstreet.co.id/en/job/senior-data-engineer-1037174863,Cloud Kinetics Technology Solutions Private Ltd,Jakarta Raya,2023-10-11 16:00:00,25d ago
Data Engineer,Associate Data Engineer,https://www.jobstreet.co.id/en/job/associate-data-engineer-1037165331,PT Mid Solusi Nusantara,Indonesia,2023-10-10 16:00:00,26d ago
Data Engineer,Freelance Data Engineer - Python,https://www.jobstreet.co.id/en/job/freelance-data-engineer-python-1037153666,PT Teknologi Kode Indonesia,Jakarta Raya,2023-10-09 16:00:00,27d ago
Data Engineer,Data Engineer,https://www.jobstreet.co.id/en/job/data-engineer-1037143468,Sinarmas Mining,Jakarta Raya,2023-10-08 16:00:00,28d ago
Data Engineer,BI Analyst,https://www.jobstreet.co.id/en/job/bi-analyst-1037185338,PT Astra International Tbk,Jakarta Raya,2023-10-12 16:00:00,24d ago
Data Engineer,BI Analyst Team Lead,https://www.jobstreet.co.id/en/job/bi-analyst-team-lead-1037185234,PT Astra International Tbk,Jakarta Raya,2023-10-12 16:00:00,24d ago
Data Engineer,Data Analyst,https://www.jobstreet.co.id/en/job/data-analyst-1037153745,PT Lunaria Annua Teknologi (KoinWorks),Jakarta Raya,2023-10-09 16:00:00,27d ago
